Reference in main table, Cite, doi
Adrain Chatterton 1990, Adrain J. Chatterton B. (1990). Odontopleura (Trilobita Silurian) and a method of constrained congruency analysis. Journal of Paleontology 64(4) 600-614, https://doi.org/10.1017/S0022336000042645
Adrain Chatterton 1995, Adrain J. M. Brian D. E. Chatterton. (1995). The Otarionine Trilobites Harpidella Maurotarion with Species from Northwestern Canada the United States Australia. Journal of Paleontology 69(2) 307-326, http://www.jstor.org/stable/1306261
Adrain Kloc 1997, Adrain J.M. Kloc G.J. (1997). Lower Devonian aulacopleuroidean trilobites from Oklahoma. Journal of Paleontology 71 703 - 712, https://www.jstor.org/stable/1306587
Alberti 1983, Alberti G. K. B. (1983). Trilobiten des jüngeren Siluriums sowie des Unterund Mittel-Devons IV. Senckenbergiana lethaea 64, 
Baldis et al. 1976, Baldis B.A. Benedetto L. Blasco G. Martel M.E. (1976). Trilobites Siluro-Devonico de la Sierra de Zapla (Nordeste de Argentina). Ameghiniana 13 185-225, 
Bao Jago 2000, Bao J.-S. Jago J.B. (2000). Late Late Cambrian Trilobites From Near Birch Inlet South-Western Tasmania. Palaeontology 43: 881-917, https://doi.org/10.1111/1475-4983.00154
Basse 2003, Basse. M. (2003). Eifel-Trilobiten 2. Phacopida 1. Goldschneck-VerlagKorb 198 p., 
Basse Müller 2000, Basse M. Müller P. (2000). Trilobiten aus mittlerem Devon des Rhenohercynikums: IV. Illaenula struvei n. sp. aus Wissenbach-Schiefern der Dill-Mulde. Senckenbergiana lethaea 79 441-457, 
Becker et al. 2017, Becker M. A. Chamberlain R. B. Maisch H. M. Bartholomew A. Chamberlain J. A. (2017). Trilobites from the Rickard Hill facies of the Saugerties Member of the Schoharie Formation eastern New York (upper Emsian and Lower Devonian): a case study in taphonomy and sequence stratigraphy from glacial erratics. Atlantic Geoscience 53 269-284, https://doi.org/10.4138/atlgeol.2017.011
Benedetto 1977, Benedetto J.L. (1977) Una nueva fauna de trilobites tremadociandos de la provincia de Jujuy (sierra de Cajas) Argentina. Ameghiniana XIV(1-4) 186-214, 
Benedetto et al. 2009, Benedetto J.L. Vaccari N.E. Waisfeld B.G. S nchez T.M. Foglia R. (2009). Cambrian Ordovician biogeography of the South American margin of Gondwana accreted terranes, https://doi.org/10.1144/sp325.11
Branisa 1965, Branisa L. (1965). Los fósiles guias de Bolivia: I Paleozoico. Boletin del Servicio Geológico de Bolivia 1-282, 
Brauckmann Brauckmann 1986 , Brauckmann C. Brauckmann B. (1986). Famennian trilobites: an outline on their stratigraphical importance. Annales de la société géologique de Belgique 109 9-17, https://popups.uliege.be/0037-9395/index.php?id=2364.
Budil et al. 2007, Budil P. H örbinger F. Mencl R. (2007). Lower Devonian dalmanitid trilobites of the Prague Basin (Czech Republic). Earth Environmental Science Transactions of the Royal Society of Edinburgh 99(2) 61-100, https://doi.org/10.1017/S1755691009006161
Bultynck Walliser 2000, Bultynck P. Walliser O.H. (2000). Devonian Boundaries in the Moroccan Anti-Atlas. Courier Forschungsinstitut Senckenberg 225 211-226, 
Burton Eldredge 1974, Burton C.J. Eldredge N. (1974). Two new subspecies of Phacops rana (Trilobita) from the Middle Devonian of north-west Africa. Palaeontology 17 349-363, 
Campbell 1977, Campbell K.S.W. 1977. Trilobites of the Haragan Bois dïArc Frisco Formations (Early Devonian) Arbuckle Mountains Region Oklahoma. Oklahoma Geological Survey Bulletin 123 1-227, 
Chatterton Ludvigsen 2004, Chatterton B.D.E. Ludvigsen R. (1976). Silicified Middle Ordovician trilobites from the south Nahanni Riverarea District of Mackenzie Canada. Palaeontographica Abteilung A 154 pp. 1-106, 
Chatterton Perry 1983, Chatterton B.D.E. Perry D.G. (1983). Silicified Silurian odontopleurid trilobites from the Mackenzie Mountains. Palaeontographica Canadiana No. 1 pp. 1-127, 
Chatterton et al. 1979, Chatterton B.D.E. Johnson B.D. Campbell K.S.W. (1979). Silicified Lower Devonian trlobites from New South Wales. Palaeontology 22(4) 104-111, 
Chatterton et al. 2006, Chatterton B.D.E. Fortey R. Brett K. Gibb S. McKellar R. (2006). Trilobites from the upper Lower to Middle Devonian Timrhanrhart Formation Jbel Gara el Zguilma souther Morocco. Palaeontographica Canadiana No. 25 pp. 1-177, 
Chlupac 1977, Chlupac I. (1977). The phacopid trilobites of the Silurian and Devonian of Czechoslovakia. Rozpravy £stredniho £stavu geologického 43 1-172, 
Chlupac 1982, Chlupac I. (1982). The Bohemian Lower Devonian stages. Cour.Forsch.-Inst. Senckenberg 55 345-400, 
Corbacho Kier 2013, Corbacho J. Kier C. (2013). Diversidad y distribución de  Acanthopyge (Belenopyge) (Lichidae) en Marruecos Devónico inferior y medio. Batalleria 18 3-14, 
Crônier 1999, Crônier C. (1999). Modalités d'évolution phylétique sous contrôle du milleu chez quelques phacopinés (trilobites) néodévoniens. GEOBIOS 32(2) 187-192, https://doi.org/10.1016/S0016-6995(99)80031-X 
Crônier Feist 2000, Crônier C. Feist R. (2000). Evolution et systématique du groupe Cryphops (Phacopinae Trilobita) du Dévonien supérieur. Senckenbergiana lethaea 79 501-515, https://doi.org/10.1007/BF03043651
Crônier Tsmeyrek 2010, Crônier C. Tsmeyrek H.S. (2010). First record of the Devonian phacopid trilobite Plagiolaria from Uzbekistan. Memoirs of the Association of Australasian Palaeontologists 39 43-50, 
Crônier et al. 2013, Crônier C. Malti F. François A. Benyoucef M. Brice D. (2013). First occurrence of a phacopid trilobite faunule from the Upper Devonian of Saoura Valley Algeria biodiversity fluctuations. Geological Magazine 150(6) 1002-1021, https://doi.org/10.1017/S0016756813000277
Crônier et al. 2015, Crônier C. Budil P. Fatka O. Laibl L. (2015). Intraspecific bimodal variability in eye lenses of two Devonian trilobites. Paleobiology 41(4) 554-569, https://doi.org/10.1017/pab.2015.29
Crônier et al. 2016, Crônier C. Abbache A. Khaldi A. Oudot M. Maillet S. Ouali Mehadji A. (2016). Middle Devonian trilobites of the Saoura Valley Algeria: Insights into their biodiversity Moroccan affinities. Geological Magazine 155(4) 811-840, https://doi.org/10.1017/S001675681600100X
Crônier et al. 2020, Crônier C. AriuntogoS M. K önigshof P. Waters J. Carmichael S.K. (2020). Late Devonian (Famennian) phacopid trilobites from western Mongolia. Palaeobiodiversity and Palaeoenvironments 101 707-723, https://doi.org/10.1007/s12549-020-00449-w
Delo 1935, Delo D.M. (1935). A revision of the phacopid trilobites. Journal of Paleontology 9 402-420, https://www.jstor.org/stable/1298148
Delo 1940, Delo D.M.(1940). Phacopid trilobites of North America: Special Paper of the Geological Society of America v.29 vii + 135 p, https://doi.org/10.1130/SPE29-p1
Ebach MacNamara 2002, Ebach M.C. MacNamara K.J. (2002). A systematic revision of the family Harpetidae (Trilobita). Records of the Western Australian Museum (21) 235-267, https://doi.org/10.18195/issn.0312-3162.21(3).2002.235-267
Ebbestad 1999, Ebbestad JO.R. (1999). Trilobites of the Tremadoc Bjørkåsholmen Formation in the Oslo Region Norway. Fossils Strata No. 47 pp. l-ll8. Oslo, 
Edgecombe Ramsk öld 1994, Edgecombe G.D. Ramsk öld L. (1994). Earliest Devonian phacopide trilobites from central Bolivia. Paläont. Z. 68 397-410, https://doi.org/10.1007/BF02991351
Edgecombre Wright 2004, Edgecombe G. D. Wright A. J. (2004). Silicified early devonian trilobites from Brogans Creek New South Wales. Proceedings of the Linnean Society of New South Wales 124 177-188, https://doi.org/10.1080/03115518608619159
Eldredge Branisa 1980, Eldredge N. Branisa L. (1980). Calmoniid trilobites of the Lower Devonian Scaphiocoelia zone of Bolivia with remarks on related species. Bulletin of the AMNH 165 article 2 pp. 1-235, https://doi.org/10.1016/S0016-6995(94)80257-2
Eldregde 1972, Eldredge N. (1972). Morphology Relationships of Bouleia Kozlowski 1923 (Trilobita Calmoniidae). Journal of Paleontology 46(1) 140-151, http://www.jstor.org/stable/1302924
Eldregde 1973, Eldredge. N. (1973). Systematics of Lower and lower Middle Devonian species of the trilobite Phacops Emmerich in North America. Bulletin of the American Museum of Natural History 151 285-338, http://hdl.handle.net/2246/599
Esteban Tortello 2007, Esteban S.B. Tortello M.F. (2007). Latest Cambrian Sedimentary Settings Trilobite Faunas from the Western Cordillera Oriental Argentina. Memoirs of the Association of Australasian Palaeontologists 431, 
Esteban Tortello 2009, Esteban S.B. Tortello M.F. (2009). Sedimentologia y paleontologia de la Formación Santa Rosita (Miembros Tilcara y Casa Colorada C mbrico Tardio) en la región de Iruya provincia de Salta. Acta geológica lilloana 21 (2) 129-153, 
Feist 2019, Feist R. (2019). Post-Kellwasser event recovery and diversification of phacopid trilobites in the early Famennian (Late Devonian). Bulletin of Geosciences 94 1-22, https://doi.org/10.3140/bull.geosci.1727
Feist Schindler 1994, Feist R. Schindler E. (1994). Trilobites during the Frasnian Kellwasser crisis in European Late Devonian cephalopod limestones. Cour. Forsch.-Inst. Senckenberg 169 195-223, 
Feist Lerosey-Aubril 2005, Feist R. Lerosey-Aubril R. (2005). The type species of Cyrtosymbole the oldest (Famennian) cyrtosymboline trilobites. Acta Palaeontologica Polonica 50 (3) 465-475, 
Feist Lerosey-Aubril 2010, Feist R. Lerosey-Aubril R. Johnson R. (2010). Coaptative devices enrollment life habits in Paralejurus a particular case in scutelluid trilobites. Palaeobio Palaeoenv 90 125-137, https://doi.org/10.1007/s12549-010-0025-1
Feist McNamara 2013, Feist R. Mcnamara K.J. (2013) Patterns of evolution extinction in proetid trilobites during the late Devonian mass extinction event Canning Basin Western Australia. Palaeontology 56 229-259, https://doi.org/10.1111/j.1475-4983.2012.01191.x
Feist Chatterton 2015, Feist R. Chatterton B.D.E. (2015). Kolihapeltine trilobites the spiniest scutelluids from the eastern Anti-Atlas (Morocco Early Devonian): evolution environment classification.  Papers in Palaeontology 1 3 255-287, https://doi.org/10.1002/spp2.1015
Feist Klapper 2022, Feist R. Klapper G. (2022). Phacopid trilobites in post-Taghanic Givetian through Frasnian cephalopod limestones Montagne Noire (France) and related areas (Thuringia Morocco). Bulletin of Geosciences 97 1-32, https://doi.org/10.3140/bull.geosci.1834
Feist et al. 2000, Feist R. Lemke U. Korn D. (2000). Trilobiten aus der Wocklumeria-Stufe des h öchsten Oberdevon von Apricke Sauerland. Senckenbergiana lethaea 79(2) 517-539, https://doi.org/10.1007/BF03043652
Feist et al. 2001, Feist R. Talent J.A. Mawson R. (2001) Devonian trilobites from the Shogrām Formation Kurāgh Chitral (NW Pakistan) Alcheringa: An Australasian Journal of Palaeontology 25:1 107-115, https://doi.org/10.1080/03115510108619216
Feist et al. 2009, Feist R. Mcnamara K. Crônier C. Lerosey-Aubril R. (2009). Patterns of extinction recovery of phacopid trilobites during the Frasnian-Famennian (Late Devonian) mass extinction event Canning Basin Western Australia. Geological Magazine 146(1) 12-33, https://doi.org/10.1017/S0016756808005335
Feist et al. 2016, Feist R. Mahboubi A. Girard C. (2016). New Late Devonian phacopid trilobites from Marhouma SW Algerian Sahara. Bulletin of Geosciences 91 243-259, https://doi.org/10.3140/bull.geosci.1600
Feist et al. 2020, Feist R. Cornee J.-J. Corradini C. Hartenfels S. Aretz M. Girard C. (2020). The Devonian-Carboniferous boundary in the stratotype area (SE Montagne Noire France). Palaeodiversity and Palaeoenvironments 101 295-311, https://doi.org/10.1007/s12549-019-00402-6
Fortey Owens 1991, Fortey R. Owens R. (1991). A trilobite fauna from the highest Shineton Shales in Shropshire the correlation of the latest Tremadoc. Geological Magazine 128(5) 437-464, https://doi.org/10.1017/S0016756800018616
Franke 2010, Franke Ch. (Hrsg.) (2010). Beiträge zur Paläontologie des Unterdevons Luxemburgs (2). Ferrantia 58 Musée national d'histoire naturelle Luxembourg 80 p, 
Ghobadi Pour et al. 2011, Ghobadi Pour M. McCobb L. Owens R. Popov L. (2010). Late Ordovician trilobites from the Karagach Formation of the western Tarbagatai Range Kazakhstan. Earth Environmental Science Transactions of the Royal Society of Edinburgh 101(2) 161-187, https://doi.org/10.1017/S1755691010010078
Gibb Chatterton 2007, Gibb S. Chatterton B.D. (2007). Timsaloproetus new genus (Proetida: Trilobita) included species from lower middle Devonian strata of Southern Morocco. Journal of Paleontology 81(2) 352-367, https://doi.org/10.1666/0022-3360(2007)81[352:TNGPTA]2.0.CO;2
Gibb Chatterton 2010, Gibb S. Chatterton B.D.E. (2010). Gerastos (Order Proetida; Class Trilobita) from the Lower to Middle Devonian of the southern Moroccan Anti-Atlas region. Palaeontographica Canadiana 30 1:89, 
Grahn 2005, Grahn Y. (2005). Devonian chitinozoan biozones of Western Gondwana. Acta Geologica Polonica 55 211-227, 
Harrington Leanza 1957, Harrington H.J. Leanza A.F. (1957). Ordovician trilobites of Argentina. Department of Geology University of Kansas Special Publication 1 276 pp, 
Holloway 2005, Holloway D.J. (2005). The trilobite genera Eocryphops and Plagiolaria (Phacopidae). Paläontologische Zeitschrift 79 227-239, https://doi.org/10.1007/bf02990186
Holloway Lane 2012, Holloway D.J. Lane P.D. (2012) Scutelluid trilobites from the Silurian of New South Wales. Palaeontology 55: 413-490, https://doi.org/10.1111/j.1475-4983.2012.01132.x
Hughes Chapman 1995, Hughes N.C. Chapman R.E. (1995) Growth variation in the Silurian proetide trilobite Aulacopleura konincki and its implications for trilobite palaeobiology. Lethaia 28: 333-353, https://doi.org/10.1111/j.1502-3931.1995.tb01824.x
Johnson Fortey 2012, Johnson R. Fortey R. (2012). Proetid Trilobites From the Lower Devonian (Pragian) Ihandar Formation Anti-Atlas Morocco. Journal of Paleontology 86(6) 1032-1050, https://doi.org/10.1666/12-021R.1
KU Collection, Kansas University Invertebrate Paleontology Collection, https://biodiversity.ku.edu/invertebrate-paleontology/collection-search 
Kaneko 1990, Kaneko A. (1990). A new trilobite genus Rhinophacops. Transactions and proceedings of the Paleontological Society of Japan. New series 1990 360-365, 
Lane Ormiston 1973, Lane H. R. Ormiston A.R. (1973). Biostratigraphy of the Salmontrout Limestone East-Central Alaska. Geol. Soe. Am. Abstraets 5 330 pp., https://www.jstor.org/stable/1303222
Lesperance 1975, Lespérance P. (1975). Stratigraphy paleontology ofthe Synphoriidae (Lower Middle Devonian dal-manitacean trilobites). Journal of Paleontology49 91-137, https://www.jstor.org/stable/1303318
Lesperance Bourque 1971, Lespérance P. Bourque P.A. (1971). The Synphoriinae: an evolutionary pattern of Lower MiddleDevonian trilobites. Journal of Paleontology 45 182-208, https://www.jstor.org/stable/1302635
Lieberman 1994, Lieberman B.S. (1994). Evolution of the trilobite subfamily Proetinae Salter 1864 the origin diversification evolutionary affinity extinction of the Middle Devonian proetid fauna of eastern North America. Bulletin of the American Museum of Natural History 223 1:176, http://hdl.handle.net/2246/831
Maksimova 1968, Maksimova Z.A. (1968). Middle Palaeozoic trilobites of central Kazakhstan. Trudy vsesoyuznogo Nauchno-Issledovatel?skogo Geologicheskogo Instituta (VSEGEI) New series 165 1-208, 
Maksimova 1978, Maksimova Z.A. (1978). Some new Devonian trilobites. Ezhegodnik Vsesoyuznogo Paleontologicheskogo Obshchestva 21 94-109, 
McKellar Chatterton 2009, McKellar R.C. Chatterton B.D.E. (2009). Early Middle Devonian Phacopidae (Trilobita) of southern Morocco. Palaeontographica Canadiana No. 28 111 pp, 
Mergl Jimenez Sanchez 2015, Mergl M. Jiménez-S nchez A. 2015. Lingulate brachiopods from the Suchomasty Limestone (upper Emsian) of the Barrandian Czech Republic. Bulletin of Geosciences 90(1) 173-193, https://doi.org/10.3140/bull.geosci.1533
Meroi 2016 (PhD Thesis), Meroi Arcerito F.R. (2016) Asaphid trilobites from the Early Ordovician in the Cordillera Oriental Argentina. Systematic distribution diversification. PhD Thesis. Universidad Nacional de Córdoba. 343 pp, 
Mitchell 1919, Mitchell J. (1919). On two new trilobites from Bowning. Proceedings of the Linnean Society of New South Wales 44 441-449, 
Mohan 2013, Mohan J. (2013). A paleoenvironmental analysis of the middle Devonian Gravel Point Formation Western Michigan. The professional Geologist 50(6) 11-16, 
Monti 2015 (PhD Thesis), Monti S.D. (2015). Trilobites del Cámbrico Tardio-Ordovicico temprano de la Cordillera Oriental Argentina. Revisión sistemática y análisis filogenético de la Familia Olenidae. Biblioteca Digital FCEN-UBA PhD Thesis 235 pp, http://hdl.handle.net/20.500.12110/tesis_n5696_Monti
Moore et.al. 1944, Moore R. C. Frye J. C. and Jewett J. M. (1944). Tabular description of out-cropping rocks in Kansas. Kansas State Geol. Survey Bull. 52, pt. 4, p. 137-212, https://www.kgs.ku.edu/Publications/Bulletins/52_4/
Monti 2017, Monti S.D. (2017). Morphometrics of Leptoplastides marianus (Hoek) (Trilobita Olenidae) from the Tremadocian of north-western Argentina: taxonomic implications Journal of Systematic Palaeontology 16(3) 179-997, https://doi.org/10.1080/14772019.2017.1282992
Morzadec 1983, Morzadec P. (1983) Trilobites du Dévonien (Emsien?Famennien) de la rade de Brest (Massif Armoricain). Palaeontographica Abteilung A 181 103-184, 
Morzadec 2001, Morzadec P.R. (2001) LesTrilobites Asteropyginae du Dévonien de l? Anti-Atlas (Maroc). Palaeontographica 262 53-85, https://doi.org/10.1127/pala/262/2001/53
Muller 2000, Muller P. (2000). Die Trilobiten des belgischen Kohlenkalkes (Unter-Karbon). Geologica et Palaeontologica 34 89-109, 
O'Neill et al. 2002, OïNeill. J.M. (2002). Geologic Investigations in the Lake Valley Area Sierra County New Mexico. U.S. Geological Survey Professional Paper 1644 78 pp., 
Ormiston 1975, Ormiston A.R. (1975). Siegenian trilobite zoogeography in Arctic North America. Fossils Strata 4 39 1-398, https://doi.org/10.18261/8200049639-1975-25
Ormiston 1976, Ormiston A.R. (1976). New Middle Devonian Trilobites from Northwestern Canada. Journal of Paleontology 50(6) 1162-1174, https://www.jstor.org/stable/1303557
Osmolska 1968, Osmólska H. (1968). Contributions to the Lower Carboniferous Cyrtosymbolinae (Trilobita). Acta Palaeontologica Polonica 13 119-150, 
Owens 1973, Owens R.M. (1973). British Ordovician Silurian Proetidae (Trilobita). Monographs of the Palaeontographical Society, 
Owens 1994, Owens R.M. (1994) Pseudoextinctions in late Devonian proetide trilobites. Historical Biology: An International Journal of Paleobiology 9(3) 207-221, https://doi.org/10.1080/10292389409380498
Owens et al. 2010, Owens R.M. Ivanova O. Kim I. Popov L.E. Feist R. (2010) Lower Middle Devonian trilobites from southern Uzbekistan. Memoirs of the Association of Australasian Palaeontologists 39 211-244, ISSN 0810-8889
Pour et al. 2018, Pour M.G. Popov L.E. Omrani M. Omrani H. (2018). The latest Devonian (Famennian) phacopid trilobite Omegops from eastern Alborz Iran. Estonian Journal of Earth Sciences 67 192-204, https://doi.org/10.3176/earth.2018.16
Pour et al. 2019, Pour M.G. Popov L.E. Owens R.M. Vinogradova E.A. Klishevich I.A. (2019). Early Devonian (Lochkovian) trilobites brachiopods from the west Balkhash Region Kazakhstan their significance for regional terrane dynamics. Geobios 56 49-64,  https://doi.org/10.1016/j.geobios.2019.07.004
Ramsköld 1984, Ramsköld L. (1984) Silurian odontopleurid trilobites from Gotland. Palaeontology 27(2) 239-264, 
Ramsköld 1991, Ramsköld L. (1991). The perforated trilobite Laethoprusia gen. nov. the phylogeny of Koneprusia Isoprusia (Odontopleuridae Koneprusiinae). Transactions of the Royal Society of Edinburgh: Earth Sciences 82 125-141, https://doi.org/10.1017/S0263593300007604
Rustan Balseiro 2016, Rustan J.J. Balseiro D. (2016). The phacopid trilobite Echidnops taphomimus n. sp. from the Lower Devonian of Argentina: insights into infaunal molting eye architecture and geographic distribution. Journal of Paleontology 90 1100-1111, https://doi.org/10.1017/jpa.2016.108 
Rustan Vaccari 2012, Rustan J.J. Vaccari E.N. (2012). A revision of the Devonian Malvinokaffric dalmanitid trilobite Dalmanitoides Delo 1935 on the basis of new data from Argentina. Palaeontologia Electronica 15(1) 1 - 21, https://doi.org/10.26879/276
Sandford 2000, Sandford A.C. (2000). Trilobite faunas and palaeoenvironmental setting of the Silurian (early Ludlow) Melbourne Formation central Victoria. Alcheringa 24 153-206, https://doi.org/10.1080/03115510008619207 
Sandford 2003, Sandford A.C. (2003). A revision of Nephranomma Erben 1952 (Trilobita Phacopidae) with new species from the Early Devonian of Victoria Australia. Phacopidae of Victoria Part 2. Special Papers in Palaeontology 70 309-329, 
Saul 1967, Saul J.M. (1967). Burmeisteria (Digonus) accraensis a New Homalonotid Trilobite from the Devonian of Ghana. Journal of Paleontology 41 1126-1136, https://www.jstor.org/stable/1302083
Shergold 1971, Shergold J. H. (1971). Resume of data on the base of the Ordovician in central northern Australia. In Colloque ordovicien-silurien Brest Septembre 1971. BRGM Mem. 73 391-402, 
Snajdr 1960, Snajdr M. (1960). Studie o celedi Scutelluidae (Trilobitae). Rozpravy Ústredního ústavu geologického 26 11-221, 
Snajdr 1980, Snajdr M. (1980). Bohemian Silurian Devonian Proetidae (Trilobita). Rozpravy Ústředního ústavu geologického 45 1-324, 
Snajdr et al. 1990, Snajdr M. (1990). Bohemian Trilobites. Geological Survey Prague Octavo pp. 265, 
Struve 1970, Struve W. (1970). Beiträge zur Kenntnis der Phacopina (Trilobita) 7: Phacops-Arten aus dem Rheinischen Devon. 1. Senckenbergiana lethaea 51 133-189, 
Struve 1995, Struve W. (1995). Beiträge zur Kenntnis der Phacopina (Trilobita) 18: Die RiesenPhacopiden aus dem Maider SE-marokkanische Prä-Sahara. Senckenbergiana lethaea 75 77-130, 
Stumm 1953, Stummn E.C. (1953). Trilobites of the Devonian traverse group of Michigan. Contributions from the Museum of Paleontology X(6) 101-157, 
Stumm 1954, Stummn E.C. (1954). Lower Middle Devonian Phacopid Trilobites from Michigan Southwestern Ontario the Ohio Valley. Contributions from the Museum of Paleontology XI(11) 201-221, 
Taghon et al. 2012, Taghon P. Bonino E. Mottequin B. (2012). A new representative of the lichid genus Ohleum (Trilobita) from the Eifelian (Middle Devonian) of southern Belgium. Geologica Belgica 15 120-125, 
Talent et al. 1999, Talent J. A. Gaetani M. Mawson R. Molloy P.D. Conaghan P.J. Early Ordovician Devonian conodonts from the western Karakoram Hindu Kush northernmost Pakistan. Rivisita Italiana di Paleontologia e Stratigrafia. 105(2):201-229, http://hdl.handle.net/102.100.100/214774
Tortello 1999, Tortello F. M. (1999). El género Psilocara Fortey (Trilobita Olenidae) en la Formación Parcha (Ordovicico Temprano) Salta Argentina. Ameghiniana 36(3) 339-343, https://www.ameghiniana.org.ar/index.php/ameghiniana/article/view/2495
Tortello Esteban 2003, Tortello M. F. Esteban S. B. (2003). Trilobites del C mbrico Tardio de la Formación Lampazar (sierra de Cajas Jujuy Argentina). Implicancias bioestratigráficas y paleoambientales. Ameghiniana 40(3) 32-344, https://www.ameghiniana.org.ar/index.php/ameghiniana/article/view/963
Tortello Esteban 2014, Tortello M. Esteban S. (2014). Early Ordovician Trilobites from the Nazareno Area Northwestern Argentina. Journal of Paleontology 88(5) 925-947,  https://doi.org/10.1017/S0022336000057589
Tortello Esteban 2016, Tortello M. Esteban S. (2016). Early Ordovician trilobites from the Iruya area (Cordillera Oriental northwestern Argentina) their stratigraphic significance. Journal of Paleontology 90(5) 923-958, https://doi.org/10.1017/jpa.2016.104
Tortello Esteban 2020, Tortello M. F. Esteban S. B. (2020). Trilobites sedimentary settings from the Lower Ordovician (Tremadocian Bienvillia tetragonalis Biozone) of Iturbe Jujuy Province Argentina. Ameghiniana 57 9-32, https://doi.org/10.5710/AMGH.15.10.2019.3257
Van Viersen 2007, Viersen A.P. (2007). Preliminary report of trilobites from the Hanonet Formation (Eifelian -Givetian transition) southern border of Dinant Synclinorium Belgium, 
Van Viersen Heising 2015, Viersen A.P. Heising H. (2015). Description of Kettneraspis? prescheri sp. nov. (Trilobita Odontopleuridae) from the ?couche rouge? (Pragian Lower Devonian) in Morocco. Geologica Belgica 1 15-20, https://popups.uliege.be/1374-8505/index.php?id=4780
Van Viersen Holland 2016, Viersen A.P. Holland D. (2016). Morphological trends new species of Cyphaspis (Trilobita Otarioninae) in the Devonian of Morocco Turkey Germany Belgium. Geologica Belgica 19 251-271, http://dx.doi.org/10.20341/gb.2016.008
Van Viersen Vanherle 2018, Van Viersen A.P. Vanherle W. (2018). The rise and fall of Late Devonian (Frasnian) trilobites from Belgium: taxonomy biostratigraphy and events. Geologica Belgica 21 73-94, https://doi.org/10.20341/gb.2018.005
Van Viersen Magrean 2019, Van Viersen A.P. Magrean B. (2019). Radiaspis taghonorum sp.?nov. (Trilobita Odontopleuridae) from the Middle Devonian Hanonet Formation in Resteigne southern Belgium. Neues Jahrbuch für Geologie und Paläontologie Abh. 293 271 - 281, https://doi.org/10.1127/njgpa/2019/0841
Van Viersen Prescher 2008, Van Viersen A.P. Prescher H. (2008). Devonian Proetidae (Trilobita) from the Ardennes Massif (Belgium N France) the Eifel Hills (W Germany). In: Steurbaut E. Jagt J.W.M. Jagt-Yazykova E.A. (Editors) Annie V. Dhondt Memorial Volume. Bulletin de l'Institut royal des Sciences naturelles de Belgique Sciences de la Terre 78 9-29, 
Van Viersen Prescher 2011, Van Viersen A.P. Prescher H. (2011). New species of the lichid trilobite Ceratarges from the middle Devonian in Morocco. Geologica Belgica 14 193-202, https://popups.uliege.be/1374-8505/index.php?id=3365
Van Viersen et al. 2017(a), Van Viersen A. Taghon P. Magrean B. (2017). The phacopid trilobites Austerops McKellar Chatterton 2009 Hottonops gen. nov. and Loreleiops gen. nov. from the Devonian of the Ardenno-Rhenish Mountains. Neues Jahrbuch für Geologie und Paläontologie 283 53-68, https://doi.org/10.1127/njgpa/2017/0626
Van Viersen et al. 2017(b), Van Viersen A.P. Holland D. Koppka J. 2017. The phacopine trilobite genera Morocops Basse 2006 Adrisiops gen. nov. from the Devonian of Morocco. Bulletin of Geosciences 92 (1) 13-30, https://doi.org/10.3140/bull.geosci.1610
Waisfeld 1997, Waisfeld B. G. (1997). Trilobites calymen ceos de la Formación Acoite (Arenigiano) en el contrafuerte occidental de la Cordillera Oriental Argentina. Ameghiniana 34(3) 333-343, https://www.ameghiniana.org.ar/index.php/ameghiniana/article/view/2388
Waisfeld 2001, Waisfeld B. G. (2001). Trilobites de la familia Olenidae en el Ordovicico Inferior (Arenigiano) de la Cordillera Oriental argentina. Ameghiniana 38(2) 195-211, https://www.ameghiniana.org.ar/index.php/ameghiniana/article/view/2602
Waisfeld Vaccari 2003, Waisfeld B.G. Vaccari N.E. (2003). Trilobites. In Benedetto Juan L. (ed.).2003.Ordovician Fossils of Argentina. Universidad Nacional de Córdoba. pp. 295-409, 
Waisfeld Vaccari 2006, Waisfeld B. G. Vaccari N. E. (2006). Revisión de la Biozona de Ogygiocaris araiorhachis (Trilobita Tremadociano tardío) en la región de Pascha-Incamayo Cordillera Oriental Argentina. Parte 2: Sistemática, https://www.ameghiniana.org.ar/index.php/ameghiniana/article/view/789
Waisfeld Vaccari 2008, Waisfeld B.G. Vaccari N.E. (2008). El género Thysanopyge (Trilobita Ordovicico Temprano): especies y distribución en el noroeste argentino. Ameghiniana 45 753-774, https://www.ameghiniana.org.ar/index.php/ameghiniana/article/view/727
Waisfeld et al. 2001, Waisfeld B. Vaccari N. Chatterton B. Edgecombe G. (2001). Systematics of Shumardiidae (Trilobita) with new species from the Ordovician of Argentina. Journal of Paleontology 75(4) 827-859, https://doi.org/10.1666/0022-3360(2001)075<0827:SOSTWN>2.0.CO;2
Waisfeld et al. 2006, Waisfeld B. G. Vaccari N. E. Toro B. A. Rubinstein C. V. Astini R. A. (2006). Revisión de la Biozona de Ogygiocaris araiorhachis (Trilobita Tremadociano tardio) en la región de Pascha-Incamayo Cordillera Oriental Argentina. Parte 1: Bioestratigrafia. Ameghiniana 43(4) 717-728, https://www.ameghiniana.org.ar/index.php/ameghiniana/article/view/789
Wenndorf 1990, Wenndorf K.-W. (1990). Homalonotinae (Trilobita) aus dem Rheinischen Unter-Devon. Palaeontographica (A) 211 1-184, 
Yin Li 1978, Yin G. Li S. (1978). Trilobita. In: Paleontological Atlas of Southwest China. Guizhou volume. (1) Cambrian- Devonian (Geological Publishing House Beijing) 385-594, 
Yuan Xiang 1998, Yuan J. Xiang L. (1998). Trilobite fauna at the Devonian-Carboniferous boundary in South China (S-Guizhou N-Guangxi). National Museum of Natural Science Special Publication number 8 pp. 281, 
Zeballo Tortello 2005, Zeballo F. J. Tortello M. F. (2005). Trilobites del C mbrico tardio-Ordovicico temprano del  rea de Alfarcito Tilcara Cordillera Oriental de Jujuy Argentina. Ameghiniana 42(1) 127-142, https://www.ameghiniana.org.ar/index.php/ameghiniana/article/view/877
Zhang 1983, Zhang T. 1983. Trilobita. In Palaeontological Atlas of Northwest China. Xinjiang Uighur Autonomous Regions. Volume 2. Late Palaeozoic. (Geological Publishing House: Beijing) 534-556,  
Zhou 1983, Zhou T. (1983). Echinophacops a new genus of the subfamily Phacopinae. Acta Palaeontologica Sinica 22 642-650, 
Zhou Campbell 1990, Zhou Z. Campbell K. S. W. (1990). Devonian phacopacean trilobites from the Zhusilenghaierhan region Ejin Qi western Inner Mongolia China. Palaeontographica Abteilung A 214 57-77, 
Ziegler Sandberg 1990, Ziegler W. Sandberg C.A. (1990). The late Devonian standard conodont zonation. Cour. Forsch.-Inst. Senckenberg 121 1-115, 
